original_filename,tpl_name,version
adcolony-4.1.4.jar,adcolony,4.1.4
adcolony-4.5.0.jar,adcolony,4.5.0
adcolony-4.8.0.jar,adcolony,4.8.0
adjust-4.24.1.jar,adjust,4.24.1
adjust-4.28.2.jar,adjust,4.28.2
adjust-4.33.0.jar,adjust,4.33.0
adjust-4.33.5.jar,adjust,4.33.5
adjust-5.0.1.jar,adjust,5.0.1
adjust-5.1.0.jar,adjust,5.1.0
adjust-5.5.1.jar,adjust,5.5.1
amazon-ads-11.1.1.jar,amazon-ads,11.1.1
amazon-ads-11.1.2.jar,amazon-ads,11.1.2
amazon-ads-9.10.3.jar,amazon-ads,9.10.3
amazon-ads-9.2.2.jar,amazon-ads,9.2.2
amazon-ads-9.6.2.jar,amazon-ads,9.6.2
amazon-ads-9.8.8.jar,amazon-ads,9.8.8
applovin-10.3.3.jar,applovin,10.3.3
applovin-11.5.3.jar,applovin,11.5.3
applovin-12.1.0.jar,applovin,12.1.0
applovin-12.5.0.jar,applovin,12.5.0
applovin-13.1.0.jar,applovin,13.1.0
applovin-13.6.0.jar,applovin,13.6.0
appsflyer-5.4.0.jar,appsflyer,5.4.0
appsflyer-6.12.2.jar,appsflyer,6.12.2
appsflyer-6.13.0.jar,appsflyer,6.13.0
AppsFlyer-6.17.0.jar,appsflyer,6.17.0
appsflyer-6.3.2.jar,appsflyer,6.3.2
appsflyer-6.9.4.jar,appsflyer,6.9.4
charboost-8.1.0.jar,charboost,8.1.0
charboost-8.4.3.jar,charboost,8.4.3
charboost-9.5.0.jar,charboost,9.5.0
charboost-9.7.0.jar,charboost,9.7.0
charboost-9.8.3.jar,charboost,9.8.3
facebook_analytics-11.2.0.jar,facebook_analytics,11.2.0
facebook_analytics-12.3.0.jar,facebook_analytics,12.3.0
facebook_analytics-16.2.0.jar,facebook_analytics,16.2.0
facebook_analytics-17.0.0.jar,facebook_analytics,17.0.0
facebook_analytics-18.1.3.jar,facebook_analytics,18.1.3
facebook_analytics-7.1.0.jar,facebook_analytics,7.1.0
facebook_analytics-7.0.1.jar,facebook_analytics,7.0.1
facebook_login-11.2.0.jar,facebook_login,11.2.0
facebook_login-14.0.0.jar,facebook_login,14.0.0
facebook_login-16.2.0.jar,facebook_login,16.2.0
facebook_login-17.0.2.jar,facebook_login,17.0.2
facebook_login-18.1.3.jar,facebook_login,18.1.3
facebook_login-7.1.0.jar,facebook_login,7.1.0
facebook_places-7.1.0.jar,facebook_places,7.1.0
facebook_share-12.0.0.jar,facebook_share,12.0.0
facebook_share-13.2.0.jar,facebook_share,13.2.0
facebook_share-16.2.0.jar,facebook_share,16.2.0
facebook_share-17.0.0.jar,facebook_share,17.0.0
facebook_share-18.0.1.jar,facebook_share,18.0.1
facebook_share-8.2.0.jar,facebook_share,8.2.0
facebook-sdk-14.1.0.jar,facebook-sdk,14.1.0
facebook-sdk-16.0.0.jar,facebook-sdk,16.0.0
facebook-sdk-17.0.1.jar,facebook-sdk,17.0.1
facebook-sdk-18.1.3.jar,facebook-sdk,18.1.3
facebook-sdk-7.1.0.jar,facebook-sdk,7.1.0
facebook-sdk-9.1.0.jar,facebook-sdk,9.1.0
flurry-12.13.0.jar,flurry,12.13.0
flurry-12.1.0.jar,flurry,12.1.0
flurry-13.2.0.jar,flurry,13.2.0
flurry-14.4.0.jar,flurry,14.4.0
flurry-1.0.jar,flurry,1
Fyber-8.0.0.jar,Fyber,8.0.0
Fyber-8.1.3.jar,Fyber,8.1.3
Fyber-8.2.3.jar,Fyber,8.2.3
Fyber-8.2.6.jar,Fyber,8.2.6
Fyber-8.3.6.jar,Fyber,8.3.6
Fyber-8.4.3.jar,Fyber,8.4.3
google_admob-18.0.0.jar,google_admob,18.0.0
google_admob-26.0.0.jar,google_admob,26.0.0
google_admob-33.0.0.jar,google_admob,33.0.0
google_admob-38.0.0.jar,google_admob,38.0.0
google_admob-42.0.0.jar,google_admob,42.0.0
google_admob-5.0.0.jar,google_admob,5.0.0
google_admob-19.5.0.jar,google_admob,19.5.0
google_admob-20.1.0.jar,google_admob,20.1.0
google_admob-20.6.0.jar,google_admob,20.6.0
google_admob-22.6.0.jar,google_admob,22.6.0
google_admob-23.6.0.jar,google_admob,23.6.0
google_admob-24.7.0.jar,google_admob,24.7.0
google_admob-25.0.0.jar,google_admob,25.0.0
google_admob-3.7.5.0.jar,google_admob,3.7.5.0
google_admob-4.12.2.0.jar,google_admob,4.12.2.0
google_admob-4.16.5.0.jar,google_admob,4.16.5.0
google_admob-4.16.6.0.jar,google_admob,4.16.6.0
google_admob-4.4.1.0.jar,google_admob,4.4.1.0
google_admob-4.9.2.0.jar,google_admob,4.9.2.0
google_analytics-1.4.2.jar,google_analytics,1.4.2
google_analytics-0.1.0.jar,google_analytics,0.1.0
google_analytics-0.16.0.jar,google_analytics,0.16.0
google_analytics-0.32.0.jar,google_analytics,0.32.0
google_analytics-0.50.0.jar,google_analytics,0.50.0
google_analytics-0.91.0.jar,google_analytics,0.91.0
google_analytics-18.0.2.jar,google_analytics,18.0.2
google_analytics-18.0.3.jar,google_analytics,18.0.3
google_analytics-18.1.1.jar,google_analytics,18.1.1
google_crashlytics-17.0.0.jar,google_crashlytics,17.0.0
google_crashlytics-17.3.1.jar,google_crashlytics,17.3.1
google_crashlytics-18.3.1.jar,google_crashlytics,18.3.1
google_crashlytics-18.4.3.jar,google_crashlytics,18.4.3
google_crashlytics-18.6.4.jar,google_crashlytics,18.6.4
google_crashlytics-20.0.3.jar,google_crashlytics,20.0.3
google_crashlytics-20.0.4.jar,google_crashlytics,20.0.4
google_firebase-20.0.1.jar,google_firebase,20.0.1
google_firebase-21.0.1.jar,google_firebase,21.0.1
google_firebase-21.1.0.jar,google_firebase,21.1.0
google_firebase-22.0.0.jar,google_firebase,22.0.0
google_firebase-23.0.0.jar,google_firebase,23.0.0
google_firebase-24.0.1.jar,google_firebase,24.0.1
google_firebase-16.1.0.jar,google_firebase,16.1.0
google_firebase-17.0.0.jar,google_firebase,17.0.0
google_firebase-17.0.1.jar,google_firebase,17.0.1
google_firebase-17.1.5.jar,google_firebase,17.1.5
google_firebase-18.0.0.jar,google_firebase,18.0.0
google_firebase-19.0.0.jar,google_firebase,19.0.0
google_firebase-19.6.0.jar,google_firebase,19.6.0
google_firebase-20.0.0.jar,google_firebase,20.0.0
google_firebase-20.0.5.jar,google_firebase,20.0.5
google_firebase-20.3.0.jar,google_firebase,20.3.0
google_firebase-21.0.0.jar,google_firebase,21.0.0
google_firebase-22.0.1.jar,google_firebase,22.0.1
google_firebase-20.2.4.jar,google_firebase,20.2.4
google_firebase-22.0.0.0.jar,google_firebase,22.0.0.0
google_firebase-23.0.5.jar,google_firebase,23.0.5
google_firebase-23.1.2.jar,google_firebase,23.1.2
google_firebase-24.1.0.jar,google_firebase,24.1.0
google_firebase-25.0.1.jar,google_firebase,25.0.1
google_tagmanager-17.0.0.jar,google_tagmanager,17.0.0
google_tagmanager-17.0.1.jar,google_tagmanager,17.0.1
google_tagmanager-18.0.1.jar,google_tagmanager,18.0.1
google_tagmanager-18.0.3.jar,google_tagmanager,18.0.3
google_tagmanager-18.1.0.jar,google_tagmanager,18.1.0
google_tagmanager-18.3.0.jar,google_tagmanager,18.3.0
hms-core-6.12.0.301.jar,hms-core,6.12.0.301
hms-core-2.7.0.300.jar,hms-core,2.7.0.300
hms-core-6.16.6.301.jar,hms-core,6.16.6.301
hms-core-6.0.0.302.jar,hms-core,6.0.0.302
hms-core-6.12.0.300.jar,hms-core,6.12.0.300
hms-core-6.13.0.300.jar,hms-core,6.13.0.300
hms-core-6.13.0.301.jar,hms-core,6.13.0.301
IAB_open_meas-1.3.26.jar,IAB_open_meas,1.3.26
IAB_open_meas-1.3.34.jar,IAB_open_meas,1.3.34
IAB_open_meas-1.4.12.jar,IAB_open_meas,1.4.12
IAB_open_meas-1.4.2.jar,IAB_open_meas,1.4.2
inmobi-10.1.2.jar,inmobi,10.1.2
inmobi-10.1.4.jar,inmobi,10.1.4
inmobi-9.2.1.jar,inmobi,9.2.1
inmobi-10.5.3.jar,inmobi,10.5.3
inmobi-10.6.2.jar,inmobi,10.6.2
inmobi-10.8.0.jar,inmobi,10.8.0
inmobi-10.8.7.jar,inmobi,10.8.7
inmobi-11.1.1.jar,inmobi,11.1.1
inmobi-1.3.17.1.jar,inmobi,1.3.17.1
inmobi-1.4.12.0.jar,inmobi,1.4.12.0
inmobi-1.5.7.0.jar,inmobi,1.5.7.0
ironsource-4.3.35.jar,ironsource,4.3.35
ironsource-4.3.42.jar,ironsource,4.3.42
ironsource-4.3.47.jar,ironsource,4.3.47
onesignal-3.12.7.jar,onesignal,3.12.7
onesignal-4.6.3.jar,onesignal,4.6.3
onesignal-4.6.5.jar,onesignal,4.6.5
onesignal-4.8.6.jar,onesignal,4.8.6
onesignal-5.1.15.jar,onesignal,5.1.15
onesignal-5.1.27.jar,onesignal,5.1.27
pangle-5.5.0.8.jar,pangle,5.5.0.8
pangle-6.1.0.6.jar,pangle,6.1.0.6
pangle-6.5.0.3.jar,pangle,6.5.0.3
sentry-4.2.0.jar,sentry,4.2.0
sentry-5.6.0.jar,sentry,5.6.0
sentry-6.13.0.jar,sentry,6.13.0
sentry-7.12.0.jar,sentry,7.12.0
sentry-8.1.0.jar,sentry,8.1.0
sentry-8.31.0.jar,sentry,8.31.0
sentry-1.7.30.jar,sentry,1.7.30
unity-ads-3.7.5.jar,unity-ads,3.7.5
unity-ads-4.1.0.jar,unity-ads,4.1.0
unity-ads-4.12.2.jar,unity-ads,4.12.2
unity-ads-4.16.5.jar,unity-ads,4.16.5
unity-ads-4.17.0.jar,unity-ads,4.17.0
unity-ads-4.9.2.jar,unity-ads,4.9.2
vungle-6.10.2.jar,vungle,6.10.2
vungle-6.12.0.jar,vungle,6.12.0
vungle-6.12.1.jar,vungle,6.12.1
vungle-7.0.0.jar,vungle,7.0.0
vungle-7.4.0.jar,vungle,7.4.0
vungle-7.4.3.jar,vungle,7.4.3
vungle-7.7.0.jar,vungle,7.7.0
vungle-6.0.8.jar,vungle,6.0.8
apache_commons_coll-3.0.jar,apache_commons_coll,3
apache_commons_coll-3.1.jar,apache_commons_coll,3.1
apache_commons_coll-3.2.1.jar,apache_commons_coll,3.2.1
apache_commons_coll-3.2.2.jar,apache_commons_coll,3.2.2
apache_commons_coll-3.2.jar,apache_commons_coll,3.2
apache_commons_com-1.20.jar,apache_commons_com,1.2
apache_commons_com-1.21.jar,apache_commons_com,1.21
apache_commons_com-1.22.jar,apache_commons_com,1.22
apache_commons_com-1.25.0.jar,apache_commons_com,1.25.0
apache_commons_com-1.27.1.jar,apache_commons_com,1.27.1
bouncycastle-1.71.1.jar,bouncycastle,1.71.1
bouncycastle-1.77.jar,bouncycastle,1.77
bouncycastle-1.78.1.jar,bouncycastle,1.78.1
bouncycastle-1.80.jar,bouncycastle,1.8
clojure-1.10.1.jar,clojure,1.10.1
clojure-1.10.3.jar,clojure,1.10.3
clojure-1.11.1.jar,clojure,1.11.1
clojure-alpha8.jar,clojure,1.12.0-alpha8
clojure-1.12.4.jar,clojure,1.12.4
commons-io-2.11.0.jar,commons-io,2.11.0
commons-io-2.13.0.jar,commons-io,2.13.0
commons-io-2.16.1.jar,commons-io,2.16.1
commons-io-2.6.jar,commons-io,2.6
commons-io-2.8.0.jar,commons-io,2.8.0
commons-lang-2.6.jar,commons-lang,2.6
commons-lang3-3.11.jar,commons-lang3,3.11
commons-lang3-3.12.0.jar,commons-lang3,3.12.0
commons-lang3-3.14.0.jar,commons-lang3,3.14.0
commons-lang3-3.17.0.jar,commons-lang3,3.17.0
commons-lang3-3.18.0.jar,commons-lang3,3.18.0
fastjson-1.2.62.jar,fastjson,1.2.62
fastjson-1.2.75.jar,fastjson,1.2.75
fastjson-1.2.76.jar,fastjson,1.2.76
fastjson-1.2.80.jar,fastjson,1.2.80
fastjson-2.0.32.jar,fastjson,2.0.32
gson-2.10.1.jar,gson,2.10.1
gson-2.8.2.jar,gson,2.8.2
gson-2.8.5.jar,gson,2.8.5
gson-2.8.6.jar,gson,2.8.6
gson-2.8.8.jar,gson,2.8.8
guava-28.1.jar,guava,28.1
guava-30.1.jar,guava,30.1
guava-31.0.1.jar,guava,31.0.1
guava-31.1.jar,guava,31.1
guava-32.1.2.jar,guava,32.1.2
httpclient-4.5.10.jar,httpclient,4.5.10
httpclient-4.5.12.jar,httpclient,4.5.12
httpclient-4.5.13.jar,httpclient,4.5.13
httpclient-4.5.3.jar,httpclient,4.5.3
httpclient-4.5.6.jar,httpclient,4.5.6
jackson-core-2.12.0.jar,jackson-core,2.12.0
jackson-core-2.13.0.jar,jackson-core,2.13.0
jackson-core-2.14.2.jar,jackson-core,2.14.2
jackson-core-rc3.jar,jackson-core,2.15.0-rc3
jackson-core-2.17.2.jar,jackson-core,2.17.2
jackson-databind-2.10.0.jar,jackson-databind,2.10.0
jackson-databind-2.11.0.jar,jackson-databind,2.11.0
jackson-databind-2.13.1.jar,jackson-databind,2.13.1
jackson-databind-2.13.4.1.jar,jackson-databind,2.13.4.1
jackson-databind-2.15.2.jar,jackson-databind,2.15.2
jackson-datatype-2.15.2.jar,jackson-datatype,jsr310-2.15.2
jackson-datatype-2.6.3.jar,jackson-datatype,jsr310-2.6.3
jackson-datatype-2.8.5.jar,jackson-datatype,jsr310-2.8.5
jackson-datatype-2.9.3.jar,jackson-datatype,jsr310-2.9.3
jackson-datatype-2.9.7.jar,jackson-datatype,jsr310-2.9.7
jsoup-1.12.1.jar,jsoup,1.12.1
jsoup-1.13.1.jar,jsoup,1.13.1
jsoup-1.14.3.jar,jsoup,1.14.3
jsoup-1.15.2.jar,jsoup,1.15.2
Junit-4.12.jar,Junit,4.12
Junit-4.13-beta-1.jar,Junit,4.13-beta-1
Junit-4.13_beta_1.jar,Junit,4.13-beta-1
Junit-4.13-beta-3.jar,Junit,4.13-beta-3
Junit-4.13_beta_3.jar,Junit,4.13-beta-3
Junit-4.13.2.jar,Junit,4.13.2
Junit-4.13.jar,Junit,4.13
KotlinStdlib-1.2.21.jar,KotlinStdlib,1.2.21
KotlinStdlib-1.3.50.jar,KotlinStdlib,1.3.50
KotlinStdlib-1.4.21.jar,KotlinStdlib,1.4.21
KotlinStdlib-1.5.32.jar,KotlinStdlib,1.5.32
KotlinStdlib-1.6.21.jar,KotlinStdlib,1.6.21
log4j-1.2.14.jar,log4j,1.2.14
log4j-1.2.15.jar,log4j,1.2.15
log4j-1.2.16.jar,log4j,1.2.16
log4j-1.2.17.jar,log4j,1.2.17
logback-classic-1.2.10.jar,logback-classic,1.2.10
logback-classic-1.2.3.jar,logback-classic,1.2.3
logback-classic-1.4.11.jar,logback-classic,1.4.11
logback-classic-1.4.5.jar,logback-classic,1.4.5
logback-classic-1.5.18.jar,logback-classic,1.5.18
okhttp-3.12.1.jar,okhttp,3.12.1
okhttp-4.12.0.jar,okhttp,4.12.0
okhttp-4.2.2.jar,okhttp,4.2.2
okhttp-4.9.0.jar,okhttp,4.9.0
okhttp-4.9.1.jar,okhttp,4.9.1
protocol-buffers-3.19.1.jar,protocol-buffers,3.19.1
protocol-buffers-3.20.1.jar,protocol-buffers,3.20.1
protocol-buffers-3.25.1.jar,protocol-buffers,3.25.1
protocol-buffers-4.28.1.jar,protocol-buffers,4.28.1
protocol-buffers-4.33.0.jar,protocol-buffers,4.33.0
retrofit-2.1.0.jar,retrofit,2.1.0
retrofit-2.11.0.jar,retrofit,2.11.0
retrofit-2.2.0.jar,retrofit,2.2.0
retrofit-2.3.0.jar,retrofit,2.3.0
retrofit-2.4.0.jar,retrofit,2.4.0
scala-library-2.13.0.jar,scala-library,2.13.0
scala-library-2.13.12.jar,scala-library,2.13.12
scala-library-2.13.3.jar,scala-library,2.13.3
scala-library-2.13.6.jar,scala-library,2.13.6
scala-library-2.13.8.jar,scala-library,2.13.8
spring-context-6.0.3.jar,spring-context,6.0.3
spring-context-6.1.2.jar,spring-context,6.1.2
spring-context-6.2.1.jar,spring-context,6.2.1
spring-context-6.2.6.jar,spring-context,6.2.6
spring-context-6.2.7.jar,spring-context,6.2.7