original_filename,tpl_name,version
achartengine-1.2.0.jar,achartengine,1.2.0
acra-4.5.0.jar,acra,4.5.0
acra-4.6.2.jar,acra,4.6.2
ch.acra.acra.4.9.0.jar,acra,4.9.0
android-async-http-1.4.9.jar,android-async-http,1.4.9
android-integration-3.2.1.jar,android-integration,3.2.1
android-json-rpc-0.3.4.jar,android-json-rpc,0.3.4
android-retention-magic-1.2.2.jar,android-retention-magic,1.2.2
android-xml-magic-0.1.1.jar,android-xml-magic,0.1.1
androidannotations-api-2.7.jar,androidannotations-api,2.7
androidannotations-api-3.3.2.jar,androidannotations-api,3.3.2
androidannotations-api-3.2.jar,androidannotations-api,3.2
annotations-java5-15.0.jar,annotations-java5,15.0
apache-mime4j-core-0.7.2.jar,apache-mime4j-core,0.7.2
apktool-lib-1.4.4-3.jar,apktool-lib,1.4.4-3
butterknife-6.0.0.jar,butterknife,6.0.0
butterknife-7.0.0.jar,butterknife,7.0.0
butterknife-7.0.1.jar,butterknife,7.0.1
butterknife-annotations-8.0.1.jar,butterknife,8.0.1
cat.ereza.customactivityoncrash.1.4.0.jar,cat.ereza.customactivityoncrash,1.4.0
com.actionbarsherlock.actionbarsherlock.4.4.0.jar,com.actionbarsherlock.actionbarsherlock,4.4.0
com.afollestad.material-dialogs.v0.7.7.0.jar,com.afollestad.material-dialogs,v0.7.7.0
com.afollestad.material-dialogs.core.0.8.5.1.jar,com.afollestad.material-dialogs,0.8.5.1
com.amulyakhare.com.amulyakhare.textdrawable.1.0.1.jar,com.amulyakhare.com.amulyakhare.textdrawable,1.0.1
com.android.support.animated-vector-drawable.23.2.1.jar,com.android.support.animated-vector-drawable,23.2.1
com.android.support.animated-vector-drawable.23.2.0.jar,com.android.support.animated-vector-drawable,23.2.0
com.android.support.animated-vector-drawable.23.4.0.jar,com.android.support.animated-vector-drawable,23.4.0
com.android.support.animated-vector-drawable.23.3.0.jar,com.android.support.animated-vector-drawable,23.3.0
com.android.support.animated-vector-drawable.24.0.0-beta1.jar,com.android.support.animated-vector-drawable,24.0.0-beta1
com.android.support.animated-vector-drawable.24.0.0.jar,com.android.support.animated-vector-drawable,24.0.0
com.android.support.appcompat-v7.23.1.1.jar,com.android.support.appcompat-v7,23.1.1
com.android.support.appcompat-v7.20.0.0.jar,com.android.support.appcompat-v7,20.0.0
com.android.support.appcompat-v7.23.1.0.jar,com.android.support.appcompat-v7,23.1.0
com.android.support.appcompat-v7.23.3.0.jar,com.android.support.appcompat-v7,23.3.0
com.android.support.appcompat-v7.21.0.2.jar,com.android.support.appcompat-v7,21.0.2
com.android.support.appcompat-v7.21.0.3.jar,com.android.support.appcompat-v7,21.0.3
com.android.support.appcompat-v7.22.1.1.jar,com.android.support.appcompat-v7,22.1.1
com.android.support.appcompat-v7.21.0.0.jar,com.android.support.appcompat-v7,21.0.0
com.android.support.appcompat-v7.23.2.0.jar,com.android.support.appcompat-v7,23.2.0
com.android.support.appcompat-v7.23.2.1.jar,com.android.support.appcompat-v7,23.2.1
com.android.support.appcompat-v7.23.0.1.jar,com.android.support.appcompat-v7,23.0.1
com.android.support.appcompat-v7.23.0.0.jar,com.android.support.appcompat-v7,23.0.0
com.android.support.appcompat-v7.23.4.0.jar,com.android.support.appcompat-v7,23.4.0
com.android.support.appcompat-v7.22.0.0.jar,com.android.support.appcompat-v7,22.0.0
com.android.support.appcompat-v7.22.2.0.jar,com.android.support.appcompat-v7,22.2.0
com.android.support.appcompat-v7.22.2.1.jar,com.android.support.appcompat-v7,22.2.1
com.android.support.appcompat-v7.24.0.0.jar,com.android.support.appcompat-v7,24.0.0
com.android.support.appcompat-v7.24.0.0-beta1.jar,com.android.support.appcompat-v7,24.0.0-beta1
com.android.support.cardview-v7.23.4.0.jar,com.android.support.cardview-v7,23.4.0
com.android.support.cardview-v7.22.2.1.jar,com.android.support.cardview-v7,22.2.1
com.android.support.cardview-v7.22.2.0.jar,com.android.support.cardview-v7,22.2.0
com.android.support.cardview-v7.23.2.1.jar,com.android.support.cardview-v7,23.2.1
com.android.support.cardview-v7.23.2.0.jar,com.android.support.cardview-v7,23.2.0
com.android.support.cardview-v7.21.0.3.jar,com.android.support.cardview-v7,21.0.3
com.android.support.cardview-v7.21.0.2.jar,com.android.support.cardview-v7,21.0.2
com.android.support.cardview-v7.23.1.0.jar,com.android.support.cardview-v7,23.1.0
com.android.support.cardview-v7.24.0.0-alpha1.jar,com.android.support.cardview-v7,24.0.0-alpha1
com.android.support.cardview-v7.23.1.1.jar,com.android.support.cardview-v7,23.1.1
com.android.support.cardview-v7.23.3.0.jar,com.android.support.cardview-v7,23.3.0
com.android.support.customtabs.23.4.0.jar,com.android.support.customtabs,23.4.0
com.android.support.design.24.0.0.jar,com.android.support.design,24.0.0
com.android.support.design.23.2.1.jar,com.android.support.design,23.2.1
com.android.support.design.23.2.0.jar,com.android.support.design,23.2.0
com.android.support.design.23.0.1.jar,com.android.support.design,23.0.1
com.android.support.design.23.4.0.jar,com.android.support.design,23.4.0
com.android.support.design.22.2.1.jar,com.android.support.design,22.2.1
com.android.support.design.22.2.0.jar,com.android.support.design,22.2.0
com.android.support.design.23.1.0.jar,com.android.support.design,23.1.0
com.android.support.design.23.1.1.jar,com.android.support.design,23.1.1
com.android.support.design.23.3.0.jar,com.android.support.design,23.3.0
com.android.support.gridlayout-v7.18.0.0.jar,com.android.support.gridlayout-v7,18.0.0
com.android.support.multidex.1.0.1.jar,com.android.support.multidex,1.0.1
com.android.support.palette-v7.23.0.0.jar,com.android.support.palette-v7,23.0.0
com.android.support.palette-v7.23.4.0.jar,com.android.support.palette-v7,23.4.0
com.android.support.palette-v7.21.0.3.jar,com.android.support.palette-v7,21.0.3
com.android.support.percent.23.4.0.jar,com.android.support.percent,23.4.0
com.android.support.preference-v14.23.4.0.jar,com.android.support.preference-v14,23.4.0
com.android.support.preference-v14.24.0.0.jar,com.android.support.preference-v14,24.0.0
com.android.support.preference-v7.23.1.0.jar,com.android.support.preference-v7,23.1.0
com.android.support.preference-v7.23.1.1.jar,com.android.support.preference-v7,23.1.1
com.android.support.preference-v7.23.0.1.jar,com.android.support.preference-v7,23.0.1
com.android.support.preference-v7.23.2.1.jar,com.android.support.preference-v7,23.2.1
com.android.support.preference-v7.23.4.0.jar,com.android.support.preference-v7,23.4.0
com.android.support.preference-v7.24.0.0.jar,com.android.support.preference-v7,24.0.0
com.android.support.recyclerview-v7.24.0.0.jar,com.android.support.recyclerview-v7,24.0.0
com.android.support.recyclerview-v7.23.0.1.jar,com.android.support.recyclerview-v7,23.0.1
com.android.support.recyclerview-v7.23.2.1.jar,com.android.support.recyclerview-v7,23.2.1
com.android.support.recyclerview-v7.23.2.0.jar,com.android.support.recyclerview-v7,23.2.0
com.android.support.recyclerview-v7.22.2.1.jar,com.android.support.recyclerview-v7,22.2.1
com.android.support.recyclerview-v7.22.2.0.jar,com.android.support.recyclerview-v7,22.2.0
com.android.support.recyclerview-v7.23.4.0.jar,com.android.support.recyclerview-v7,23.4.0
com.android.support.recyclerview-v7.23.3.0.jar,com.android.support.recyclerview-v7,23.3.0
com.android.support.recyclerview-v7.23.1.0.jar,com.android.support.recyclerview-v7,23.1.0
com.android.support.recyclerview-v7.23.1.1.jar,com.android.support.recyclerview-v7,23.1.1
com.android.support.recyclerview-v7.21.0.0.jar,com.android.support.recyclerview-v7,21.0.0
com.android.support.recyclerview-v7.22.1.1.jar,com.android.support.recyclerview-v7,22.1.1
com.android.support.recyclerview-v7.21.0.3.jar,com.android.support.recyclerview-v7,21.0.3
com.android.support.recyclerview-v7.21.0.2.jar,com.android.support.recyclerview-v7,21.0.2
com.android.support.support-v13.23.4.0.jar,com.android.support.support-v13,23.4.0
com.android.support.support-v13.23.1.1.jar,com.android.support.support-v13,23.1.1
com.android.support.support-v13.23.1.0.jar,com.android.support.support-v13,23.1.0
com.android.support.support-v13.21.0.0.jar,com.android.support.support-v13,21.0.0
com.android.support.support-v4.24.0.0.jar,com.android.support.support-v4,24.0.0
support-v4-19.1.0.jar,com.android.support.support-v4,19.1.0
com.android.support.support-v4.19.1.0.jar,com.android.support.support-v4,19.1.0
com.android.support.support-v4.24.0.0-beta1.jar,com.android.support.support-v4,24.0.0-beta1
support-v4-18.0.0.jar,com.android.support.support-v4,18.0.0
com.android.support.support-v4.18.0.0.jar,com.android.support.support-v4,18.0.0
com.android.support.support-v4.23.2.0.jar,com.android.support.support-v4,23.2.0
com.android.support.support-v4.23.2.1.jar,com.android.support.support-v4,23.2.1
com.android.support.support-v4.23.0.1.jar,com.android.support.support-v4,23.0.1
com.android.support.support-v4.23.0.0.jar,com.android.support.support-v4,23.0.0
com.android.support.support-v4.23.4.0.jar,com.android.support.support-v4,23.4.0
com.android.support.support-v4.22.0.0.jar,com.android.support.support-v4,22.0.0
com.android.support.support-v4.22.2.0.jar,com.android.support.support-v4,22.2.0
com.android.support.support-v4.22.2.1.jar,com.android.support.support-v4,22.2.1
com.android.support.support-v4.23.1.1.jar,com.android.support.support-v4,23.1.1
com.android.support.support-v4.23.1.0.jar,com.android.support.support-v4,23.1.0
com.android.support.support-v4.20.0.0.jar,com.android.support.support-v4,20.0.0
com.android.support.support-v4.23.3.0.jar,com.android.support.support-v4,23.3.0
com.android.support.support-v4.21.0.2.jar,com.android.support.support-v4,21.0.2
com.android.support.support-v4.21.0.3.jar,com.android.support.support-v4,21.0.3
com.android.support.support-v4.22.1.1.jar,com.android.support.support-v4,22.1.1
com.android.support.support-v4.21.0.0.jar,com.android.support.support-v4,21.0.0
com.android.support.support-vector-drawable.23.3.0.jar,com.android.support.support-vector-drawable,23.3.0
com.android.support.support-vector-drawable.23.4.0.jar,com.android.support.support-vector-drawable,23.4.0
com.android.support.support-vector-drawable.24.0.0-beta1.jar,com.android.support.support-vector-drawable,24.0.0-beta1
com.android.support.support-vector-drawable.23.2.1.jar,com.android.support.support-vector-drawable,23.2.1
com.android.support.support-vector-drawable.23.2.0.jar,com.android.support.support-vector-drawable,23.2.0
com.android.support.support-vector-drawable.24.0.0.jar,com.android.support.support-vector-drawable,24.0.0
com.balysv.material-ripple.1.0.2.jar,com.balysv.material-ripple,1.0.2
com.bignerdranch.android.recyclerview-multiselect.0.2.jar,com.bignerdranch.android.recyclerview-multiselect,0.2
com.cocosw.bottomsheet.1.3.0.jar,com.cocosw.bottomsheet,1.3.0
com.commit451.bypasses.1.0.1.jar,com.commit451.bypasses,1.0.1
com.commit451.PhotoView.1.2.4.jar,com.commit451.PhotoView,1.2.4
com.commit451.PhotoView.1.2.5.jar,com.commit451.PhotoView,1.2.5
com.github.chrisbanes.PhotoView.1.2.6.jar,com.commit451.PhotoView,1.2.6
com.github.chrisbanes.photoview.library.1.2.3.jar,com.commit451.PhotoView,1.2.3
com.github.chrisbanes.photoview.library.1.2.4.jar,com.commit451.PhotoView,1.2.4
library-1.2.2.jar,com.commit451.PhotoView,1.2.2
com.davemorrissey.labs.subsampling-scale-image-view.3.5.0.jar,com.davemorrissey.labs.subsampling-scale-image-view,3.5.0
com.davemorrissey.labs.subsampling-scale-image-view.3.4.1.jar,com.davemorrissey.labs.subsampling-scale-image-view,3.4.1
com.dougkeen.bart_33_src.tar.gz.drag-sort-listview-gradle.unspecified.jar,com.dougkeen.bart_33_src.tar.gz.drag-sort-listview-gradle,0
com.einmalfel.earl.1.1.0.jar,com.einmalfel.earl,1.1.0
com.getbase.floatingactionbutton.1.9.0.jar,com.getbase.floatingactionbutton,1.9.0
com.getbase.floatingactionbutton.1.9.1.jar,com.getbase.floatingactionbutton,1.9.1
com.getbase.floatingactionbutton.1.10.0.jar,com.getbase.floatingactionbutton,1.10.0
com.github.afollestad.material-dialogs.commons.0.8.5.4.jar,com.github.afollestad.material-dialogs.commons,0.8.5.4
com.github.afollestad.material-dialogs.commons.0.8.5.8.jar,com.github.afollestad.material-dialogs.commons,0.8.5.8
com.github.afollestad.material-dialogs.core.0.8.5.8.jar,com.github.afollestad.material-dialogs.core,0.8.5.8
com.github.afollestad.material-dialogs.core.0.8.5.2.jar,com.github.afollestad.material-dialogs.core,0.8.5.2
com.github.afollestad.material-dialogs.core.0.8.5.3.jar,com.github.afollestad.material-dialogs.core,0.8.5.3
com.github.afollestad.material-dialogs.core.0.8.5.4.jar,com.github.afollestad.material-dialogs.core,0.8.5.4
com.github.AndroidDeveloperLB.MaterialPreferenceLibrary.5.jar,com.github.AndroidDeveloperLB.MaterialPreferenceLibrary,5
com.github.bumptech.glide.okhttp-integration.1.4.0.jar,com.github.bumptech.glide.okhttp-integration,1.4.0
com.github.clans.fab.1.5.0.jar,com.github.clans.fab,1.5.0
com.github.curioustechizen.android-ago.library.1.3.1.jar,com.github.curioustechizen.android-ago.library,1.3.1
com.github.DASAR.ShiftColorPicker.v0.5.jar,com.github.DASAR.ShiftColorPicker,v0.5
com.github.dmfs.color-picker.c3b3b52033dc0b33bd831e731ec6f74fb1e8a69a.jar,com.github.dmfs.color-picker,c3b3b52033dc0b33bd831e731ec6f74fb1e8a69a
com.github.gabrielemariotti.changeloglib.changelog.2.1.0.jar,com.github.gabrielemariotti.changeloglib.changelog,2.1.0
com.github.ganfra.material-spinner.1.1.0.jar,com.github.ganfra.material-spinner,1.1.0
com.github.johnkil.android-appmsg.appmsg.1.2.0.jar,com.github.johnkil.android-appmsg.appmsg,1.2.0
com.github.lzyzsd.circleprogress.1.1.0.jar,com.github.lzyzsd.circleprogress,1.1.0
com.github.medyo.fancybuttons.1.5.jar,com.github.medyo.fancybuttons,1.5
com.github.mrengineer13.snackbar.1.2.0.jar,com.github.mrengineer13.snackbar,1.2.0
com.github.navasmdc.MaterialDesign.1.4.jar,com.github.navasmdc.MaterialDesign,1.4
com.github.nirhart.parallaxscroll.1.0.jar,com.github.nirhart.parallaxscroll,1.0
com.github.orhanobut.logger.1.12.jar,com.github.orhanobut.logger,1.12
com.github.paolorotolo.appintro.3.2.0.jar,com.github.paolorotolo.appintro,3.2.0
com.github.paolorotolo.appintro.3.4.0.jar,com.github.paolorotolo.appintro,3.4.0
com.github.rey5137.material.1.2.2.jar,com.github.rey5137.material,1.2.2
com.github.yukuku.ambilwarna.2.0.1.jar,com.github.yukuku.ambilwarna,2.0.1
com.google.android.exoplayer.exoplayer.r1.5.5.jar,com.google.android.exoplayer.exoplayer,r1.5.5
com.google.android.exoplayer.exoplayer.r1.5.7.jar,com.google.android.exoplayer.exoplayer,r1.5.7
com.greysonparrelli.permiso.permiso.0.1.3.jar,com.greysonparrelli.permiso.permiso,0.1.3
com.iangclifton.android.floatlabel.1.0.1.jar,com.iangclifton.android.floatlabel,1.0.1
com.inkapplications.viewpageindicator.library.2.4.3.jar,com.inkapplications.viewpageindicator.library,2.4.3
com.jakewharton.butterknife.8.0.1.jar,com.jakewharton.butterknife,8.0.1
com.jaredrummler.android-processes.1.0.3.jar,com.jaredrummler.android-processes,1.0.3
com.jenzz.materialpreference.1.3.jar,com.jenzz.materialpreference,1.3
com.jjoe64.graphview.4.0.1.jar,com.jjoe64.graphview,4.0.1
com.joanzapata.iconify.android-iconify.2.2.1.jar,com.joanzapata.iconify.android-iconify,2.2.1
com.joanzapata.iconify.android-iconify-material-community.2.2.1.jar,com.joanzapata.iconify.android-iconify-material-community,2.2.1
com.journeyapps.zxing-android-embedded.3.0.3.jar,com.journeyapps.zxing-android-embedded,3.0.3
com.journeyapps.zxing-android-embedded.3.0.2.jar,com.journeyapps.zxing-android-embedded,3.0.2
com.jpardogo.googleprogressbar.library.1.2.0.jar,com.jpardogo.googleprogressbar.library,1.2.0
com.jpardogo.materialtabstrip.library.1.0.6.jar,com.jpardogo.materialtabstrip.library,1.0.6
com.jpardogo.materialtabstrip.library.1.1.0.jar,com.jpardogo.materialtabstrip.library,1.1.0
com.koushikdutta.async.androidasync.2.1.7.jar,com.koushikdutta.async.androidasync,2.1.7
com.koushikdutta.async.androidasync.2.1.9.jar,com.koushikdutta.async.androidasync,2.1.9
com.koushikdutta.ion.ion.2.1.7.jar,com.koushikdutta.ion.ion,2.1.7
com.koushikdutta.ion.ion.2.1.9.jar,com.koushikdutta.ion.ion,2.1.9
com.larswerkman.HoloColorPicker.1.5.jar,com.larswerkman.HoloColorPicker,1.5
com.makeramen.roundedimageview.1.5.0.jar,com.makeramen.roundedimageview,1.5.0
com.melnykov.floatingactionbutton.1.1.0.jar,com.melnykov.floatingactionbutton,1.1.0
com.melnykov.floatingactionbutton.1.3.0.jar,com.melnykov.floatingactionbutton,1.3.0
com.melnykov.floatingactionbutton.1.0.5.jar,com.melnykov.floatingactionbutton,1.0.5
com.mikepenz.aboutlibraries.5.6.5.jar,com.mikepenz.aboutlibraries,5.6.5
com.mikepenz.aboutlibraries.5.1.1.jar,com.mikepenz.aboutlibraries,5.1.1
com.mikepenz.aboutlibraries.5.5.0.jar,com.mikepenz.aboutlibraries,5.5.0
com.mikepenz.community-material-typeface.1.5.54.1.jar,com.mikepenz.community-material-typeface,1.5.54.1
com.mikepenz.fastadapter.1.0.0.jar,com.mikepenz.fastadapter,1.0.0
com.mikepenz.fastadapter.1.4.1.jar,com.mikepenz.fastadapter,1.4.1
com.mikepenz.fontawesome-typeface.4.6.0.1.jar,com.mikepenz.fontawesome-typeface,4.6.0.1
com.mikepenz.fontawesome-typeface.4.4.0.1.jar,com.mikepenz.fontawesome-typeface,4.4.0.1
com.mikepenz.google-material-typeface.1.2.0.1.jar,com.mikepenz.google-material-typeface,1.2.0.1
com.mikepenz.google-material-typeface.2.2.0.1.original.jar,com.mikepenz.google-material-typeface,2.2.0.1.original
com.mikepenz.iconics.1.2.0.jar,com.mikepenz.iconics,1.2.0
com.mikepenz.iconics-core.2.5.5.jar,com.mikepenz.iconics-core,2.5.5
com.mikepenz.iconics-core.2.5.11.jar,com.mikepenz.iconics-core,2.5.11
com.mikepenz.iconics-core.1.7.8.jar,com.mikepenz.iconics-core,1.7.8
com.mikepenz.material-design-iconic-typeface.2.2.0.1.jar,com.mikepenz.material-design-iconic-typeface,2.2.0.1
com.mikepenz.materialdrawer.3.1.2.jar,com.mikepenz.materialdrawer,3.1.2
com.mikepenz.materialdrawer.4.3.7.jar,com.mikepenz.materialdrawer,4.3.7
com.mikepenz.materialize.0.2.6.jar,com.mikepenz.materialize,0.2.6
com.mikepenz.octicons-typeface.3.0.0.1.jar,com.mikepenz.octicons-typeface,3.0.0.1
com.nhaarman.listviewanimations.lib-core.3.1.0.jar,com.nhaarman.listviewanimations.lib-core,3.1.0
com.nispok.snackbar.2.10.2.jar,com.nispok.snackbar,2.10.2
com.nononsenseapps.filepicker.2.0.5.jar,com.nononsenseapps.filepicker,2.0.5
com.nononsenseapps.filepicker.2.5.0.jar,com.nononsenseapps.filepicker,2.5.0
com.pnikosis.materialish-progress.1.5.jar,com.pnikosis.materialish-progress,1.5
com.pnikosis.materialish-progress.1.7.jar,com.pnikosis.materialish-progress,1.7
com.shamanland.fab.0.0.5.jar,com.shamanland.fab,0.0.5
com.theartofdev.edmodo.android-image-cropper.2.1.3.jar,com.theartofdev.edmodo.android-image-cropper,2.1.3
com.viewpagerindicator.library.2.4.1.jar,com.viewpagerindicator.library,2.4.1
com.wdullaer.materialdatetimepicker.1.5.1.jar,com.wdullaer.materialdatetimepicker,1.5.1
com.wdullaer.materialdatetimepicker.1.2.1.jar,com.wdullaer.materialdatetimepicker,1.2.1
com.yalantis.ucrop.1.5.0.jar,com.yalantis.ucrop,1.5.0
commons-beanutils-1.8.3.jar,commons-beanutils,1.8.3
commons-cli-1.2.jar,commons-cli,1.2
commons-codec-1.8.jar,commons-codec,1.8
commons-codec-1.5.jar,commons-codec,1.5
commons-codec-1.6.jar,commons-codec,1.6
commons-compress-1.10.jar,commons-compress,1.10
commons-digester-1.8.jar,commons-digester,1.8
commons-io-2.4.jar,commons-io,2.4
commons-io-2.0.1.jar,commons-io,2.0.1
commons-io-1.3.2.jar,commons-io,1.3.2
commons-lang3-3.3.2.jar,commons-lang3,3.3.2
commons-lang3-3.4.jar,commons-lang3,3.4
commons-net-3.3.jar,commons-net,3.3
commons-validator-1.4.0.jar,commons-validator,1.4.0
converter-jackson-2.0.0-beta2.jar,converter-jackson,2.0.0-beta2
core-1.54.0.0.jar,core,1.54.0.0
core-3.2.1.jar,core,3.2.1
core-3.2.0.jar,core,3.2.0
cupboard-2.1.1.jar,cupboard,2.1.1
dagger-1.2.2.jar,dagger,1.2.2
dagger-compiler-1.2.2.jar,dagger-compiler,1.2.2
dashclock-api-2.0.0.jar,dashclock-api,2.0.0
de.cketti.share.share-intent-builder.0.0.2.jar,de.cketti.share.share-intent-builder,0.0.2
de.hdodenhof.circleimageview.2.0.0.jar,de.hdodenhof.circleimageview,2.0.0
de.psdev.licensesdialog.licensesdialog.1.7.0.jar,de.psdev.licensesdialog.licensesdialog,1.7.0
de.psdev.licensesdialog.licensesdialog.1.8.0.jar,de.psdev.licensesdialog.licensesdialog,1.8.0
disklrucache-2.0.2.jar,disklrucache,2.0.2
drawablepagertabstrip.jar,drawablepagertabstrip,0
epublib-core-3.1.jar,epublib-core,3.1
eu.chainfire.libsuperuser.1.0.0.201702212052.jar,eu.chainfire.libsuperuser,1.0.0.201702212052
eu.chainfire.libsuperuser.1.0.0.201608240809.jar,eu.chainfire.libsuperuser,1.0.0.201608240809
eventbus-3.0.0.jar,eventbus,3.0.0
eventbus-2.4.0.jar,eventbus,2.4.0
ez-vcard-0.9.6.jar,ez-vcard,0.9.6
fastjson-1.2.11.jar,fastjson,1.2.11
freemarker-2.3.20.jar,freemarker,2.3.20
glide-3.7.0.jar,glide,3.7.0
glide-3.5.2.jar,glide,3.5.2
greendao-2.0.0.jar,greendao,2.0.0
greendao-1.3.7.jar,greendao,1.3.7
gson-2.8.0.jar,gson,2.8.0
gson-2.3.1.jar,gson,2.3.1
gson-1.7.2.jar,gson,1.7.2
gson-2.2.4.jar,gson,2.2.4
gson-2.4.jar,gson,2.4
gson-2.5.jar,gson,2.5
gson-2.3.jar,gson,2.3
guava-18.0.jar,guava,18.0
guava-15.0.jar,guava,15.0
halfnarp-client-2.0.0.jar,halfnarp-client,2.0.0
hamcrest-core-1.3.jar,hamcrest-core,1.3
http-request-5.6.jar,http-request,5.6
httpclient-4.3.6.jar,httpclient,4.3.6
httpcore-4.3.2.jar,httpcore,4.3.2
httpcore-4.2.1.jar,httpcore,4.2.1
httpcore-4.4.3.jar,httpcore,4.4.3
httpmime-4.2.1.jar,httpmime,4.2.1
ini4j-0.5.4.jar,ini4j,0.5.4
internal_impl-24.0.0.jar,internal_impl,24.0.0
internal_impl-23.3.0.jar,internal_impl,23.3.0
internal_impl-20.0.0.jar,internal_impl,20.0.0
internal_impl-23.1.1.jar,internal_impl,23.1.1
internal_impl-23.1.0.jar,internal_impl,23.1.0
internal_impl-21.0.0.jar,internal_impl,21.0.0
internal_impl-22.1.1.jar,internal_impl,22.1.1
internal_impl-21.0.3.jar,internal_impl,21.0.3
internal_impl-21.0.2.jar,internal_impl,21.0.2
internal_impl-23.0.0.jar,internal_impl,23.0.0
internal_impl-23.0.1.jar,internal_impl,23.0.1
internal_impl-24.0.0-beta1.jar,internal_impl,24.0.0-beta1
internal_impl-23.2.1.jar,internal_impl,23.2.1
internal_impl-23.2.0.jar,internal_impl,23.2.0
internal_impl-22.2.1.jar,internal_impl,22.2.1
internal_impl-22.2.0.jar,internal_impl,22.2.0
internal_impl-22.0.0.jar,internal_impl,22.0.0
internal_impl-23.4.0.jar,internal_impl,23.4.0
jackson-annotations-2.5.0.jar,jackson-annotations,2.5.0
jackson-annotations-2.4.0.jar,jackson-annotations,2.4.0
jackson-annotations-2.6.0.jar,jackson-annotations,2.6.0
jackson-core-2.3.3.jar,jackson-core,2.3.3
jackson-core-2.7.3.jar,jackson-core,2.7.3
jackson-core-2.5.1.jar,jackson-core,2.5.1
jackson-core-2.6.3.jar,jackson-core,2.6.3
jackson-core-2.6.1.jar,jackson-core,2.6.1
jackson-core-2.4.2.jar,jackson-core,2.4.2
jackson-databind-2.5.1.jar,jackson-databind,2.5.1
jackson-databind-2.6.3.jar,jackson-databind,2.6.3
jackson-databind-2.6.1.jar,jackson-databind,2.6.1
jackson-databind-2.4.2.jar,jackson-databind,2.4.2
java-semver-0.9.0.jar,java-semver,0.9.0
javassist-3.18.1-GA.jar,javassist,3.18.1-GA
javawriter-2.5.0.jar,javawriter,2.5.0
javax.inject-1.jar,javax.inject,1
jeromq-0.3.5.jar,jeromq,0.3.5
jmdns-3.4.1.jar,jmdns,3.4.1
joda-time-2.6.jar,joda-time,2.6
joda-time-2.9.1.jar,joda-time,2.9.1
joda-time-2.9.3.jar,joda-time,2.9.3
jp.wasabeef.glide-transformations.2.0.1.jar,jp.wasabeef.glide-transformations,2.0.1
jp.wasabeef.richeditor-android.1.2.0.jar,jp.wasabeef.richeditor-android,1.2.0
jsch-0.1.51.jar,jsch,0.1.51
json-simple-1.1.1.jar,json-simple,1.1.1
jsoup-1.8.1.jar,jsoup,1.8.1
jsoup-1.8.2.jar,jsoup,1.8.2
jsoup-1.8.3.jar,jsoup,1.8.3
jsoup-1.9.2.jar,jsoup,1.9.2
jsoup-1.9.1.jar,jsoup,1.9.1
jsoup-1.7.3.jar,jsoup,1.7.3
jsr250-api-1.0.jar,jsr250-api,1.0
jsr305-2.0.1.jar,jsr305,2.0.1
jsr305-3.0.0.jar,jsr305,3.0.0
junidecode-v0.2.jar,junidecode,v0.2
junit-4.12.jar,junit,4.12
juniversalchardet-1.0.3.jar,juniversalchardet,1.0.3
kolabnotes-java-3.3.4.jar,kolabnotes-java,3.3.4
kore-javamail-1.0.2.jar,kore-javamail,1.0.2
lib-recur-0.9.3.jar,lib-recur,0.9.3
library-2.4.0.jar,library,2.4.0
logback-android-classic-1.1.1-3.jar,logback-android-classic,1.1.1-3
logback-android-core-1.1.1-3.jar,logback-android-core,1.1.1-3
lombok-1.16.2.jar,lombok,1.16.2
lost-1.0.1.jar,lost,1.0.1
markdownj-core-0.4.jar,markdownj-core,0.4
me.drakeet.mailotto.mailotto.1.0.2.jar,me.drakeet.mailotto.mailotto,1.0.2
me.relex.circleindicator.1.2.0.jar,me.relex.circleindicator,1.2.0
me.zhanghai.android.materialprogressbar.library.1.1.4.jar,me.zhanghai.android.materialprogressbar.library,1.1.4
me.zhanghai.android.materialprogressbar.library.1.1.5.jar,me.zhanghai.android.materialprogressbar.library,1.1.5
metadata-extractor-2.9.1.jar,metadata-extractor,2.9.1
mongo-java-driver-2.12.5.jar,mongo-java-driver,2.12.5
MPAndroidChart-v2.2.5.jar,MPAndroidChart,v2.2.5
msgpack-0.6.12.jar,msgpack,0.6.12
muzei-api-2.0.jar,muzei-api,2.0
net.steamcrafted.load-toast.1.0.9.jar,net.steamcrafted.load-toast,1.0.9
netcipher-1.2.1.jar,netcipher,1.2.1
netcipher-1.2.jar,netcipher,1.2
okhttp-2.3.0.jar,okhttp,2.3.0
okhttp-2.7.5.jar,okhttp,2.7.5
okhttp-2.5.0.jar,okhttp,2.5.0
okhttp-3.1.2.jar,okhttp,3.1.2
okhttp-2.2.0.jar,okhttp,2.2.0
okhttp-3.2.0.jar,okhttp,3.2.0
okhttp-2.6.0.jar,okhttp,2.6.0
okhttp-urlconnection-2.3.0.jar,okhttp-urlconnection,2.3.0
okhttp-urlconnection-2.7.5.jar,okhttp-urlconnection,2.7.5
okhttp-urlconnection-3.2.0.jar,okhttp-urlconnection,3.2.0
okio-1.3.0.jar,okio,1.3.0
okio-1.2.0.jar,okio,1.2.0
okio-1.6.0.jar,okio,1.6.0
OpenLibraryAPI-1.0.jar,OpenLibraryAPI,1.0
opentasks-provider-1.1.8.1.jar,opentasks-provider,1.1.8.1
org.cyanogenmod.platform.sdk.jar,org.cyanogenmod.platform.sdk,0
org.ligi.AXT.0.33.jar,org.ligi.AXT,0.33
org.ligi.AXT.0.35.jar,org.ligi.AXT,0.35
org.osmdroid.osmdroid-android.5.1.jar,org.osmdroid.osmdroid-android,5.1
org.osmdroid.osmdroid-android.5.0.1.jar,org.osmdroid.osmdroid-android,5.0.1
org.piwik.sdk.piwik-sdk.0.0.2.jar,org.piwik.sdk.piwik-sdk,0.0.2
piwik.jar,org.piwik.sdk.piwik-sdk,0.0.4
org.piwik.sdk.piwik-sdk.0.0.3.jar,org.piwik.sdk.piwik-sdk,0.0.3
org.piwik.sdk.piwik-sdk.0.0.4.jar,org.piwik.sdk.piwik-sdk,0.0.4
org.sufficientlysecure.openpgp-api.9.0.jar,org.sufficientlysecure.openpgp-api,9.0
osmdroid-android-4.3.jar,osmdroid-android,4.3
osmdroid-android-4.2.jar,osmdroid-android,4.2
otto-1.3.5.jar,otto,1.3.5
picasso-2.4.0.jar,picasso,2.4.0
picasso-2.5.2.jar,picasso,2.5.2
pl.droidsonroids.gif.android-gif-drawable.1.1.14.jar,pl.droidsonroids.gif.android-gif-drawable,1.1.14
prov-1.54.0.0.jar,prov,1.54.0.0
pub.devrel.easypermissions.0.1.5.jar,pub.devrel.easypermissions,0.1.5
retrofit-1.9.0.jar,retrofit,1.9.0
retrofit-2.0.0-beta2.jar,retrofit,2.0.0-beta2
rfc5545-datetime-0.2.4.jar,rfc5545-datetime,0.2.4
rhino-1.7.7.jar,rhino,1.7.7
robospice-1.4.14.jar,robospice,1.4.14
robospice-cache-1.4.14.jar,robospice-cache,1.4.14
robospice-retrofit-1.4.14.jar,robospice-retrofit,1.4.14
RootTools-3.5.jar,RootTools,3.5
rxandroid-0.23.0.jar,rxandroid,0.23.0
rxjava-1.0.7.jar,rxjava,1.0.7
signpost-commonshttp4-1.2.1.2.jar,signpost-commonshttp4,1.2.1.2
signpost-core-1.2.1.2.jar,signpost-core,1.2.1.2
simple-xml-2.7.1.jar,simple-xml,2.7.1
slf4j-android-1.6.1-RC1.jar,slf4j-android,1.6.1-RC1
slf4j-android-1.7.7.jar,slf4j-android,1.7.7
slf4j-simple-1.6.1.jar,slf4j-simple,1.6.1
slf4j-api-1.6.1.jar,slf4j-api,1.6.1
slf4j-api-1.7.6.jar,slf4j-api,1.7.6
slf4j-api-1.7.7.jar,slf4j-api,1.7.7
smack-3.2.1.jar,smack,3.2.1
spring-android-core-1.0.1.RELEASE.jar,spring-android-core,1.0.1.RELEASE
spring-android-rest-template-1.0.1.RELEASE.jar,spring-android-rest-template,1.0.1.RELEASE
sqliteassethelper-2.0.1.jar,sqliteassethelper,2.0.1
stax-1.2.0.jar,stax,1.2.0
stetho-1.3.1.jar,stetho,1.3.1
stetho-okhttp3-1.3.1.jar,stetho-okhttp3,1.3.1
SunriseSunsetCalculator-1.2.jar,SunriseSunsetCalculator,1.2
support-annotations-24.0.0.jar,support-annotations,24.0.0
support-annotations-21.0.3.jar,support-annotations,21.0.3
support-annotations-21.0.2.jar,support-annotations,21.0.2
support-annotations-21.0.0.jar,support-annotations,21.0.0
support-annotations-22.1.1.jar,support-annotations,22.1.1
support-annotations-23.1.0.jar,support-annotations,23.1.0
support-annotations-20.0.0.jar,support-annotations,20.0.0
support-annotations-23.1.1.jar,support-annotations,23.1.1
support-annotations-23.3.0.jar,support-annotations,23.3.0
support-annotations-22.0.0.jar,support-annotations,22.0.0
support-annotations-24.0.0-beta1.jar,support-annotations,24.0.0-beta1
support-annotations-23.4.0.jar,support-annotations,23.4.0
support-annotations-22.2.1.jar,support-annotations,22.2.1
support-annotations-22.2.0.jar,support-annotations,22.2.0
support-annotations-23.2.1.jar,support-annotations,23.2.1
support-annotations-23.2.0.jar,support-annotations,23.2.0
support-annotations-23.0.0.jar,support-annotations,23.0.0
support-annotations-23.0.1.jar,support-annotations,23.0.1
svg-android-2.0.0.jar,svg-android,2.0.0
com.jakewharton.timber.timber.4.1.1.jar,timber,4.1.1
timber-2.5.0.jar,timber,2.5.0
tracedroid-1.4.jar,tracedroid,1.4
TTS_library_stub.jar,TTS_library_stub,0
uk.co.chrisjenx.calligraphy.2.1.0.jar,uk.co.chrisjenx.calligraphy,2.1.0
unbescape-1.1.1.RELEASE.jar,unbescape,1.1.1.RELEASE
universal-image-loader-1.9.3.jar,universal-image-loader,1.9.3
universal-image-loader-1.9.5.jar,universal-image-loader,1.9.5
us.feras.mdv.markdownview.1.1.0.jar,us.feras.mdv.markdownview,1.1.0
videocache-2.3.3.jar,videocache,2.3.3
com.mcxiaoke.volley.library.1.0.19.jar,volley.library,1.0.19
library-1.0.19.jar,volley.library,1.0.19
xmlobjects-0.4.2.jar,xmlobjects,0.4.2
xmpcore-5.1.2.jar,xmpcore,5.1.2
XposedBridgeApi-54.jar,XposedBridgeApi,54
xz-1.5.jar,xz,1.5